Name	title	coding
t3_qptic5	What kind of phone do you use? (Survey for a class)	o
t3_qpr2og	Guys , whatâ€™s the best website/app to find apartments for rent for students?	r
t3_qpp2m2	Retaking a course	c
t3_qpljyy	What's the course availability usually like for the summer semesters?	c
t3_qpl3jr	Is graduate course withdrawal deadline today?	c
t3_qpkgv0	Do you drink coffee in the morning?	f
t3_qphn14	Chance of concentration mechanical Beng to Soen	c
t3_qp6olo	Anyone here doing options trading	o
t3_qp6cg0	Is there and art club or something that students from outside of fine arts can join?	o
t3_qp2lc5	SOS tutoring for Math 209	c
t3_qoxt8d	What would people say is the easiest math course to take a Concordia?	c
t3_qoumus	Comm 215	c
t3_qou8a7	COMM 225 Midterm 2	c
t3_qotj9a	Study permit	o
t3_qoec88	Construction Engineering and Management (MEng)	c
t3_qobx60	Hi I am new to university today I drop math 204 tomorrow is our medterm is it effect on my GPA	c
t3_qoagdb	How do you DISC a class?	c
t3_qo535h	Im in Software Engineering and I have two options next semester. Either to take the ENGR 233 with Chantal David but take the SOEN 228 with Donald Peter Davies. OR take ENGR 233 with Alexei Kokotov but take SOEN 228 with Hakim Mella . Which option should I go for?	c
t3_qo26js	Permanent code international student.	o
t3_qo1ena	Anyone down to practice leetcode and tech interview questions?	o
t3_qnqr6v	Conditional Offer of Admission	o
t3_qnp9ug	Anyone down to play online games this weekend?	o
t3_qnf3mt	To do checklist on student centre after I applied (I'm international so it asks for like visa expense documents, etc), do I need to do it before or after I have a decision?	o
t3_qne2cy	Just submitted my application for fall 2022!!!	o
t3_qndfs9	Is there a limit to how many DISC you can have?	c
t3_qncmqz	Anyone know any good psychoanalysts around?	o
t3_qn079w	Soccer Tournament	o
t3_qmoiy3	Do I have hope to pass my class?	c
t3_qmnn6h	Hard course load for winter?	c
t3_qmnj38	Freshman Questions	c
t3_qmm8cj	Math 204 Advice ?	c
t3_qm3gfp	When looking at housing prices on the Concordia website, are the prices in CAD or USD?	r
t3_qm1eee	Teamwork with 10 teammates	o
t3_qlzy5z	About PHYS284	c
t3_qlyd20	CAQ and Study Permit	o
t3_qly38g	COURSE QUESTION	c
t3_qlvcl8	How is Nicolas Lepage-Saucier as a teacher?	c
t3_qlkt9z	STL (Laval Buses) Strike: November 3rd, 15th, 26th	o
t3_qljdz5	SOS TUTORING	c
t3_qlh9o9	Is this... allowed ?	o
t3_qlgutl	Can we Petition Removal Of A Prof From A Teaching Position?	o
t3_qlcvar	btm 200 online	c
t3_qlca5e	Winter 2022 Schedule Advice	c
t3_qlbox3	FINA Electives to be taken in which order?	c
t3_ql6cz7	Grad preparation Winter 2022	o
t3_ql2ywv	Does the FG building connect to the John Molson building?	o
t3_qkrxur	Concordia Continuing Education worth it?	c
t3_qklu8l	Organic chemistry II with Marco Paladino	c
t3_qk6py8	Pre requisite courses to transfer to John Molson	c
t3_qk6bgf	COMM 220 Midterm 1	c